{"noiseKey":{"private":{"type":"Buffer","data":"OI+KpFw6w+sls7MPvzeJOcBwi4pxnSfJXN4xtOQNIVM="},"public":{"type":"Buffer","data":"nefmkemVomX/RdmzT9VSqvkTtiZCo1hnV7LaRXvmzgM="}},"pairingEphemeralKeyPair":{"private":{"type":"Buffer","data":"OPsL+scf6VIdltg0uggVMG9SbidVvOKFfG0NYzVdEG4="},"public":{"type":"Buffer","data":"Ef9cTbo42DnAQ1TZ4IP/P9tfR/rVkuppYedcgMn1s3w="}},"signedIdentityKey":{"private":{"type":"Buffer","data":"iDwo9ItRBeM9GNTTLx9AGIONAOE+wN2QLnF+XpNnTWc="},"public":{"type":"Buffer","data":"LkFTNXCcgZrjLEDY3waYQDInpEb9jq1okJpYwd8EPn4="}},"signedPreKey":{"keyPair":{"private":{"type":"Buffer","data":"yBK8ibnTvyUBPixQPQBp39ITbAk58gCfdoIm/u1ENng="},"public":{"type":"Buffer","data":"3X6I+Tk4bpU1rONCH8hbELSNA1yBSUnG561zXnVp+CQ="}},"signature":{"type":"Buffer","data":"aHXtYs1M0oRrOXxO+vW8dTVTin6xAbuXNm8uLopH5Im5KFBfw/H6vqarompkAJZ4EwaqPw7c2PzMMVqM8JYRAA=="},"keyId":1},"registrationId":144,"advSecretKey":"/XL8aIIaLCJ3Y7KWYNGgWfA5ItlLxFbFlgSaO56Nts4=","processedHistoryMessages":[{"key":{"remoteJid":"50661723170@s.whatsapp.net","fromMe":false,"id":"ACAF815177AA268F26685DBFCD538F2B","participant":"","addressingMode":"pn"},"messageTimestamp":1762123719},{"key":{"remoteJid":"50661723170@s.whatsapp.net","fromMe":false,"id":"AC98A8E323E9DEE73E7CD384F2B60DE7","participant":"","addressingMode":"pn"},"messageTimestamp":1762123719},{"key":{"remoteJid":"50661723170@s.whatsapp.net","fromMe":false,"id":"ACD084714F8C4B48BAA7D18369B67439","participant":"","addressingMode":"pn"},"messageTimestamp":1762123719},{"key":{"remoteJid":"50661723170@s.whatsapp.net","fromMe":false,"id":"AC4731FB83860B84630A0C74C75FD335","participant":"","addressingMode":"pn"},"messageTimestamp":1762123720},{"key":{"remoteJid":"50661723170@s.whatsapp.net","fromMe":false,"id":"AC878647C13F94E66DDCCE290F7C59D1","participant":"","addressingMode":"pn"},"messageTimestamp":1762123735},{"key":{"remoteJid":"50661723170@s.whatsapp.net","fromMe":false,"id":"AC9559729BAF2E2480C98F765BF49489","participant":"","addressingMode":"pn"},"messageTimestamp":1762123736}],"nextPreKeyId":1646,"firstUnuploadedPreKeyId":1646,"accountSyncCounter":1,"accountSettings":{"unarchiveChats":false},"registered":true,"pairingCode":"XBEPLRR7","me":{"id":"50661723170:57@s.whatsapp.net","lid":"113014028153062:57@lid","name":"Max"},"account":{"details":"CJ7kh5AHEMK/n8gGGAMgACgA","accountSignatureKey":"zwhAnftdnvW3oQSJXrNt/ULTHiQmnDNNsTxlC5/oBjU=","accountSignature":"Q1IMf0dmWGW5bnsaDn7HwCyeIRkcYqgToktZ5MWXBGrT7RCE9Uwu3ZgoNtpMQDmpu/Wj7qipCkwDBIXsRcuZDw==","deviceSignature":"v7PMrVhVwhHh6teznshCaOUgS+SNcfamB3W92CWZPxLgYMS+RzHF+/K9NLoyVZG1kDTwBtMq2KIjh86Bhx4VBQ=="},"signalIdentities":[{"identifier":{"name":"113014028153062:57@lid","deviceId":0},"identifierKey":{"type":"Buffer","data":"Bc8IQJ37XZ71t6EEiV6zbf1C0x4kJpwzTbE8ZQuf6AY1"}}],"platform":"android","routingInfo":{"type":"Buffer","data":"CAIIBQ=="},"lastAccountSyncTimestamp":1762123718,"lastPropHash":"1K4hH4","myAppStateKeyId":"AAAAALIM"}